time_created,author_name,titles,text,total_votes,upvotes,urls,awards,total_awards,flairs,isoriginal,isdistinguished,isselfpost,is_author_verified,is_author_reddit_employee,author_has_reddit_premium,author_link_karma,author_comment_karma,is_trending
1649035664.0,Margaery_Toenail,[OC] Pixel-value average of first 24hrs of r/place,,58.0,48,https://i.redd.it/vb4qpmy20fr81.png,[],0,OC,False,,False,True,False,False,367,3320,1
1649034899.0,pyatnitsu13,[OC] Interactive visualization of character usage in the Marvel Cinematic Universe,,1.0,1,https://pyatnitsu.net/timeline/MCUTimeline.html,[],0,OC,False,,False,True,False,False,67,31,1
1649023368.0,Memoriots,"CO concentration in the ""Old World"" (4/3/22).",,78.0,67,https://www.reddit.com/gallery/tvlasp,[],0,,False,,False,True,False,False,43,37,1
1649020114.0,houndrunner,[OC] Changes in temperature and timing for lakes in the contiguous U.S.,,7.0,5,https://i.redd.it/8n1a5fjvpdr81.png,[],0,OC,False,,False,True,False,False,25980,2533,1
1649013666.0,L_A_Kelly,Fifty years of Scottish baby naming data,,2.0,2,https://www.thecourier.co.uk/fp/courier-investigations/3135287/baby-names-scotland/,[],0,,False,,False,True,False,False,65,177,1
1649011131.0,silekonn,"Interactive: Missouri Mycological Society‚Äôs Missouri Mushroom Species Diversity by Karaliene Harris, and Interactive: Foraging Locations & Time Periods by Karaliene Harris",,10.0,7,https://public.tableau.com/app/profile/kara.harris/viz/MissouriMushroomsSpeciesDiversity/MissouriMushroomsSpeciesDiversity,[],0,,False,,False,True,False,False,18,7,1
1649008992.0,CelebrationDirect924,Do Redditors Know What the USSR Stands For? [OC],,17.0,11,https://i.redd.it/b03z9xorscr81.png,[],0,OC,False,,False,False,False,False,11438,5432,1
1649005365.0,JPAnalyst,[OC] Graph: Cumulative rushing yard leaders with a focus on Frank Gore who retired 3rd all-time (top ten all-time with their rushing totals from season one to their last season),,9.0,6,https://i.redd.it/qyp2bjd0icr81.png,[],0,OC,False,,False,True,False,True,188745,281885,1
1649004369.0,rubenbmathisen,[OC] Find your percentile position in the global income distribution (and in 16 countries around the world),,3695.0,3547,https://i.redd.it/09562nfqecr81.jpg,"[('Silver', 2), ('Helpful', 2), ('Wholesome', 1)]",5,OC,False,,False,True,False,True,16584,4024,1
1649002099.0,DeathByElectives,[OC] 36h activity heatmap of r/Place,,12623.0,11613,https://v.redd.it/nkwq7vi28cr81,"[('Silver', 5), ('Platinum', 1), ('Helpful', 3), ('Wholesome', 2), ('All-Seeing Upvote', 1)]",12,OC,False,,False,False,False,True,5327,357,1
1649000722.0,sdurx,How Sharing a Bed Changed My Sleep Data [OC],,25.0,19,http://www.thedurkweb.com/how-sharing-a-bed-with-my-girlfriend-changed-my-sleep-2/,[],0,OC,False,,False,True,False,False,1543,277,1
1648990898.0,b4epoche,[OC] Yearly deaths per 1000 residents for one-year periods. It would be good to see these slowly trending down.,,990.0,832,https://v.redd.it/jp3cvrm3abr81,"[('Doot üéµ Doot', 1)]",1,OC,False,,False,True,False,False,64850,9717,1
1648973991.0,Crystal_Bearer,Global Warming from 1960-2020. Article explains the continuance following emissions cessation.,,51.0,44,https://phys.org/news/2022-03-fast-earth.html,"[('Helpful', 1)]",1,,False,,False,True,False,False,713,3360,1
1648953183.0,iheartnewyorkcity,How the majority of each state‚Äôs population is registered (excluding Alaska and Hawaii) (more information in the comment section) [OC],,0.0,0,https://i.redd.it/w6x3vo2w68r81.jpg,[],0,OC,False,,False,True,False,False,1068,332,0
1648933309.0,TheRebay,In graphics: a world of languages - and how many speak them,,38.0,29,https://www.scmp.com/infographics/article/1810040/infographic-world-languages?utm_source=copy_link&utm_medium=share_widget&utm_campaign=1810040,[],0,,False,,False,True,False,False,11,74,1
1648926210.0,JoeWDavies,[OC] Shaded relief map of Italy using the colours of the national flag,,15430.0,14813,https://i.redd.it/owpa74ady5r81.png,"[('Wholesome', 1), ('Take My Power', 1), ('Helpful', 3)]",5,OC,False,,False,True,False,False,54213,2822,1
1648925027.0,yodaspicehandler,Visualizing Design: 196 Flags of Countries Around the World,,9.0,7,https://www.visualcapitalist.com/cp/visualizing-design-196-flags-of-countries-around-the-world/,[],0,,False,,False,True,False,False,426,5174,0
1648923200.0,MaxEin,[OC] A much better verison of the morse code I made with huffman trees. Read zeros as dots and ones as dashes. It uses the swedish alphabet.,,9.0,6,https://i.redd.it/n32tfu8dp5r81.jpg,[],0,OC,False,,False,True,False,False,24850,3769,0
1648921674.0,shahinrostami,[OC] Most Popular Web Browsers (1994-2021),,3241.0,3079,https://v.redd.it/wvf495nyk5r81,"[('Silver', 2), ('Helpful', 1), ('Wholesome', 2), ('All-Seeing Upvote', 1), ('Take My Energy', 1)]",7,OC,False,,False,True,False,False,81973,14230,1
1648921720.0,thedataracer,[OC] Mean Population Center of the United States 1790-2020,,497.0,457,https://i.redd.it/x73bmnyal5r81.png,"[('Helpful', 1)]",1,OC,False,,False,True,False,False,3911,482,1
1648921194.0,BX1959,"[OC] Zip-, county-, and state-level maps showing the % increase in ACS 5-year population estimates from 2015 to 2020",,14.0,9,https://github.com/kburchfiel/census_folium_tutorial,[],0,OC,False,,False,True,False,False,16828,2488,0
1648914195.0,forming-effects,[OC] All time FIFA World Cup Points (1930 - 2018),,42.0,36,https://i.redd.it/5ysna2lyy4r81.jpg,[],0,OC,False,,False,True,False,False,2995,832,0
1648909725.0,spacecraftily,[OC] Where do the World's Imports Come From?,,66.0,60,https://i.redd.it/oliuquvcl4r81.png,"[('Silver', 1)]",1,OC,False,,False,True,False,False,1137,8883,1
1648898752.0,PieChartPirate,[OC] Biggest Grapefruit Producers in the world,,8977.0,8438,https://v.redd.it/by7v9mvyo3r81,"[('Wholesome', 1), ('Silver', 1), ('Helpful', 2)]",4,OC,False,,False,True,False,False,314115,16109,1
1648871637.0,toadchoker21,Data is Beautiful,,16.0,10,https://i.redd.it/pgg29eyeg1r81.jpg,[],0,,False,,False,False,False,False,43,112,0
1648862210.0,jeffsmith202,Gas Taxes by State 2022,,6.0,4,https://worldpopulationreview.com/state-rankings/gas-taxes-by-state,[],0,,False,,False,True,False,False,17952,6633,0
1648859067.0,b4epoche,[OC] Deaths attributed per capita to COVID-19 over the last year. Now with ALASKA and HAWAII!!!,,1347.0,1185,https://v.redd.it/i304qo9we0r81,[],0,OC,False,,False,True,False,False,64850,9717,1
1649122867.0,bengarvey,[OC] Local pizza rankings,,40.0,33,https://i.redd.it/2co1ylub7mr81.png,[],0,OC,False,,False,True,False,False,1208,1079,1
1649122617.0,Woodabear,T+8 hours after my first targeted email campaign via Mailchimp [OC],,4.0,2,https://i.redd.it/u7v4lrz66mr81.png,[],0,OC,False,,False,True,False,False,4845,524,1
1649090318.0,spidertotem,[OC] I wondered why girls put their Snapchat in their Tinder bio so I added every one I saw for two months and here are the results.,,21588.0,19213,https://i.redd.it/fk1n0m5lijr81.png,"[('Silver', 4), ('Helpful', 10), ('Wholesome', 1), ('All-Seeing Upvote', 1), ('hehehehe', 1), ('Endless Coolness', 1)]",18,OC,False,,False,True,False,True,16165,41235,1
1649103912.0,vilnitskiy,"[OC] Trying to keep in step with the crypto world, I developed a self-service for monitoring the crypto market by various metrics - top coins by audience growth, development activity, sentiment on Reddit, Twitter mentions, etc. As a result, it gives me fresh insights on 7,700 crypto assets daily!",,99.0,88,https://www.reddit.com/gallery/twc2fa,[],0,OC,False,,False,True,False,False,4424,353,1
1649103663.0,ribponce,[OC] Alt-J Albums vs Total Spotify Streams as of April 2022,,12.0,9,https://i.redd.it/thexlzqamkr81.jpg,[],0,OC,False,,False,True,False,False,12168,643,1
1649100193.0,throwaway_budget_,[OC] Personal Budget in 20 minutes,,0.0,0,https://www.reddit.com/gallery/twajqz,[],0,OC,False,,False,False,False,False,1,3,0
1649099779.0,Geoffrey1016,"Population pyramid of Vietnam(unclear whether it included whole Vietnam or only one side in Vietnam War), 1970",,6.0,5,https://images.populationpyramid.net/capture/?selector=%23pyramid-share-container&url=https%3A%2F%2Fwww.populationpyramid.net%2Fviet-nam%2F1970%2F%23google_vignette%3Fshare%3Dtrue,[],0,,False,,False,True,False,False,10439,2575,1
1649097271.0,theimpossiblesalad,COVID-19 and Search Interest On Google [OC],,1600.0,1536,https://i.redd.it/ovs47df73kr81.jpg,"[('Silver', 1)]",1,OC,False,,False,True,False,False,248042,18612,1
1649096213.0,fabiofavusmaximus,[OC] Russia-Ukraine War 2022: Equipment Losses so far,,61.0,51,https://i.redd.it/0d4h2lo20kr81.png,[],0,OC,False,,False,True,False,False,40172,6952,1
1649095177.0,juicyjuice5000,"[OC] 26 y/o female NYC Data Scientist 2022 job hunt outcomes. Approx. 5 years of experience, undergrad in stats, masters in CS.",,106.0,83,https://i.redd.it/dcih1mbyrjr81.png,[],0,OC,False,,False,True,False,False,98,80,1
1649092337.0,RobinWheeliams,"[OC] Soybeans croplands are expanding in Brazil, and it‚Äôs getting harder to fertilize them.",,20.0,16,https://i.redd.it/47g4711nojr81.png,[],0,OC,False,,False,False,False,False,6256,84,1
1649090818.0,avocalex,60 days of applying overseas as a Mechanical Engineer [OC],,19.0,15,https://i.redd.it/cpwhjje5kjr81.jpg,[],0,OC,False,,False,True,False,False,213,12,1
1649084843.0,fabiofavusmaximus,[OC] Armored Vehicle Losses in Russia-Ukraine War 2022,,89.0,77,https://i.redd.it/47y74wf92jr81.png,[],0,OC,False,,False,True,False,False,40172,6952,1
1649080105.0,monishmenon,This is so pleasing to the eye,,2.0,1,https://twitter.com/cric_scorecards/status/1510725478897926144?t=S2Re6W0gaiUURBM9N-1VWA&s=09,[],0,,False,,False,True,False,False,259,9,0
1649077480.0,mynameismy111,"World of Tanks Blitz Heatmap, Berlin",,1.0,1,https://wotinspector.com/en/heatmaps/?ts=1616230933&id=89&platform=pc,[],0,,False,,False,True,False,False,29254,43618,0
1649074900.0,Dmitriyungern,[OC] Support for the autocephalous Orthodox Church of Ukraine (OCU) by Orthodox Christians across Ukraine,,10.0,6,https://i.redd.it/s5mzyzur8ir81.png,[],0,OC,False,,False,True,False,False,10588,2907,1
1649073592.0,arcrad,"Tracked weight loss over 11 months, took a picture a day, and created an interactive viewer/graph [OC]",,58.0,51,https://jonathanmaiorana.com/prog-pics-viewer/index.html,[],0,OC,False,,False,True,False,False,15860,35496,1
1649070986.0,dwaxe,"Literacy Scores by Country, in Reading, Math, and Science",,21.0,19,https://flowingdata.com/2022/04/04/literacy-scores-by-country-in-reading-math-and-science/,[],0,,False,,False,True,False,True,1098203,51441,1
1649065493.0,sebastian7r,"Life Expectancy by health spending per capita, state-by-state [OC]",,0.0,0,https://i.redd.it/ec9fluytghr81.png,[],0,OC,False,,False,False,False,False,2,4,0
1649065321.0,darcybelladone,"Arbitrary word frequency count of ""My Twisted World - The Story of Elliot Rodger"" [OC]",,9.0,6,https://i.redd.it/czjcbpfbghr81.png,[],0,OC,False,,False,False,False,False,2,0,0
1649064839.0,Green_Ball_5431,"Relationship between # of Foursquare Check-Ins, Community Ratings, and Prices of NYC Bars [OC]",,0.0,0,https://i.redd.it/odliwn2wehr81.png,[],0,OC,False,,False,False,False,False,2,0,0
1649064632.0,cortil_morgan,Visualization of Reddit Comment Karma Compared to Various Features [OC],,0.0,0,https://i.redd.it/93p2oby9ehr81.png,[],0,OC,False,,False,False,False,False,3,0,0
1649063173.0,sharkmanley84,Where do the United States & European Union get their Natural Gas? [OC],,0.0,0,https://i.redd.it/ngvo5qfx9hr81.png,[],0,OC,False,,False,False,False,False,1,1,0
1649061924.0,mangadang_abdullah,[OC] MN State Capitol Building Solar Energy Map,,12.0,8,https://i.redd.it/z6oz71186hr81.png,[],0,OC,False,,False,False,False,False,45,1,0
1649061734.0,sofiacastanoase,Number of hate groups per million people (by state) [OC],,0.0,0,https://i.redd.it/xl83xcqn5hr81.png,[],0,OC,False,,False,False,False,False,1,0,0
1649061286.0,pkscff,[OC] Monthly budget for a single person in London (in ¬£),,56.0,31,https://i.redd.it/ypn5knit3hr81.png,[],0,OC,False,,False,True,False,False,978,19090,1
1649060911.0,nj_rebbi,How you felt about TV shows' endings [OC],,5.0,3,https://i.redd.it/d0zzs2n73hr81.png,[],0,OC,False,,False,False,False,False,2,0,0
1649058368.0,Real-Break-1335,"Average Number of Likes on 120k Instagram Photos, by Number of Tags on the Photo [OC]",,20.0,13,https://i.redd.it/87j2c6gnvgr81.png,[],0,OC,False,,False,False,False,False,12,-1,0
1649058075.0,maksola_art,Airports by latitude and longitude [OC],,126.0,121,https://i.redd.it/seetgy2sugr81.png,[],0,OC,False,,False,False,False,False,59,0,1
1649057854.0,darinabakhtina,The average rating of every James Bond film. [OC],,0.0,0,https://i.redd.it/zjz0k8e4ugr81.png,[],0,OC,False,,False,True,False,False,5,0,0
1649056131.0,Magix6317,[OC] Flow Map comparing the volume of USA vs Russian Arm Exports,,16.0,11,https://i.redd.it/v4vyrl8wogr81.jpg,"[('Silver', 1)]",1,OC,False,,False,True,False,False,7,0,0
1649042585.0,DeathByElectives,[OC] 48h (fixed) r/Place activity heatmap,,786.0,739,https://v.redd.it/z3j5egwehfr81,[],0,OC,False,,False,True,False,True,6694,478,1
1648973640.0,FluffyBoard7091,"[OC] Diabetes: the opposite of a ""rich man's disease""?",,1240.0,955,https://i.redd.it/i92xlez0v9r81.png,[],0,OC,False,,False,True,False,False,1919,27,1
1649209995.0,texasaggies210,[OC] The United States Average Temperature,,0.0,0,https://i.redd.it/hjjevspietr81.png,[],0,OC,False,,False,True,False,False,48,99,1
1649209353.0,ClutchAnalytics,[OC] The Most Valuable AI Unicorns In The World,,0.0,0,https://i.redd.it/3ckd4k51ctr81.png,[],0,OC,False,,False,True,False,False,2946,720,1
1649208411.0,FluffyBoard7091,[OC] Top 10 Mental Health Issues Among US College Students,,12.0,11,https://i.redd.it/2hwtfd669tr81.png,[],0,OC,False,,False,True,False,False,1930,27,1
1649199121.0,ImkSushi,[OC] 2000*2000 png heatmap I made because I'm sick and tired of seeing badly sized jpegs,,30.0,22,https://www.reddit.com/gallery/tx7gse,[],0,OC,False,,False,True,False,False,48,34,1
1649199054.0,npjprods,"Here's the heatmap of the Battle of France, the last & largest battle of r Place - 1 Million users fought for this territory",,1.0,1,https://www.reddit.com/r/place/comments/twzutu/heres_the_heatmap_of_the_last_largest_battle_of/,[],0,,False,,False,True,False,False,185673,65164,0
1649194686.0,Potted_PlantYT,The Percentages of Different Forms of Among Us Crewmates That Were Hidden in r/Place. [OC],,16.0,11,https://i.redd.it/pf7zmvbu4sr81.png,"[('Helpful', 1)]",1,OC,False,,False,True,False,False,29575,11649,1
1649193296.0,statisticalanalysis_,Who are Russia‚Äôs supporters?,,11.0,7,https://www.economist.com/graphic-detail/2022/04/04/who-are-russias-supporters,[],0,,False,,False,True,False,False,7819,46,1
1649183958.0,DeathByElectives,[OC] Animated heat map of r/place (Full),,5932.0,5517,https://v.redd.it/4b6jo12g8rr81,"[('Lawyer Up', 1), ('Silver', 3), ('Gold', 1), ('Helpful', 2), ('Wholesome', 2), ('All-Seeing Upvote', 1), ('Take My Energy', 1)]",11,OC,False,,False,True,False,True,10142,896,1
1649180656.0,Chino_Blanco,Independent researcher taps into the Reonomy database to create an interactive map that ties almost 16K properties to a single entity that likely owns the most valuable private real estate portfolio in the US,,103.0,100,https://www.truthandtransparency.org/news/2022/04/05/lds-church-has-most-valuable-private-real-estate-portfolio-in-the-us-evidence-suggests/,[],0,,False,,False,True,False,True,270125,157007,1
1649179756.0,RedditNamesSuck,[OC] Age Banded COVID-19 Deaths/Hospitalizations/Cases - UK March 2022,,0.0,0,https://www.reddit.com/gallery/tx09di,[],0,OC,False,,False,False,False,False,2201,1562,0
1649176940.0,Artemistical,The Largest Power Plants in the World (Of All Types),,15.0,13,https://solarpower.guide/solar-energy-insights/largest-power-plants-world,[],0,,False,,False,True,False,False,161619,69342,1
1649176608.0,landmarkatlas,"[OC] Population Pyramid of England, 1961. Note the lasting imbalance caused by the mass casualties of young men in World War I",,28.0,25,https://i.redd.it/e68thmswxpr81.png,[],0,OC,False,,False,True,False,False,14,4,1
1649175564.0,CaptainScuttlebottom,[OC] All r/CollegeBasketball tournament game threads by proportion of comments complaining about the refs,,11.0,9,https://imgur.com/a/44WRsfQ,[],0,OC,False,,False,False,False,False,3660,37161,1
1649175104.0,houndrunner,"[OC] Spring timing in the contiguous U.S. as of April 4, 2022",,43.0,40,https://i.redd.it/v4uv25dqiqr81.png,[],0,OC,False,,False,True,False,False,25995,2535,1
1649174914.0,Lilyo,2021 global investment in energy transition by country + visualizing the disparity in investments based on GDP,,18.0,14,https://www.reddit.com/gallery/twygmu,[],0,,False,,False,True,False,False,466947,234659,1
1649171089.0,sdbernard,[OC] Latest situation Ukraine as Russians withdrawal from northern Ukraine is almost complete,,260.0,242,https://i.redd.it/ai33bcjt6qr81.png,[],0,OC,False,,False,True,False,False,199999,18603,1
1649167237.0,NarcissusLovesEcho,"[OC] Scatterplot Showing Start and Finish Positions of All 40 Drivers in the 2022 Daytona 500; It really was a wild race (correlation between start and finish position, r = .18).",,12.0,8,https://i.redd.it/2edcojmdupr81.png,[],0,OC,False,,False,True,False,False,971,80980,0
1649166605.0,port_port,A recent history of democracies in the world [OC],,629.0,579,https://v.redd.it/n8ml8722tpr81,"[('Helpful', 2), ('Wholesome', 2)]",4,OC,False,,False,True,False,False,23820,7214,1
1649166012.0,AdamAJY99,[OC] Fatal Dog Attacks in US from 2015-2021 and % cases involving at least one Pitbull,,33.0,19,https://i.redd.it/nxg10sxirpr81.png,[],0,OC,False,,False,True,False,False,187,358,1
1649165478.0,GFsss009,[OC] GDP (Nominal) of world countries from 1960 to 2020,,111.0,93,https://v.redd.it/j35kvgr3qpr81,[],0,OC,False,,False,True,False,False,304,6,1
1649164182.0,Eyusd,[OC] Heatmap of r/place [start to end],,2370.0,2204,https://i.redd.it/bgbxkdo7mpr81.png,"[('Silver', 1), ('Helpful', 1)]",2,OC,False,,False,True,False,False,3684,682,1
1649163145.0,latinometrics,[OC] Only a handful of airports recovered from the pandemic in Latin America. 4 out of 5 are in Mexico,,75.0,64,https://i.redd.it/qb7vsl75jpr81.png,[],0,OC,False,,False,True,False,False,65200,5174,1
1649158849.0,tk-data,[OC] History of the fastest drives between NYC and LA,,13434.0,12494,https://i.redd.it/mrp2d7196pr81.png,"[('Platinum', 1), ('Helpful', 2), ('All-Seeing Upvote', 1)]",4,OC,False,,False,False,False,True,7573,449,1
1649103835.0,iulius_with_an_i,[OC] Last year I kept track of my nonsensical sleep pattern - here's a calendar,,4.0,3,https://i.redd.it/vxm4et4ulkr81.png,[],0,OC,False,,False,False,False,False,30858,665,0
1649082964.0,Detektiv_Mittens,Interactive globe: Where earth will become ‚Äúuninhabitable‚Äù in 2100 - Funke Interaktiv [OC],,9060.0,8335,https://v.redd.it/ev4b72dawir81,"[('Wholesome', 6), ('Helpful (Pro)', 1), ('Silver', 11), ('Helpful', 5)]",23,OC,False,,False,True,False,False,4409,536,1
1649150307.0,LtCmdrData,Retail gasoline price in 2022 dollars (April 1993 - March 2022),,6.0,4,https://econofact.org/should-we-suspend-gas-taxes-to-counter-high-oil-prices,[],0,,False,,False,True,False,False,31638,81477,0
1649148452.0,L_A_Kelly,Does the ages of the parents impact the name they choose for their baby?,,14.0,11,https://www.thecourier.co.uk/fp/courier-investigations/3148670/baby-names-data/,[],0,,False,,False,True,False,False,83,184,0
1649146319.0,HenryCorp,Birds impacted by 2022 Highly Pathogenic Avian Influenza--Top 12 states,,5.0,3,https://www.mprnews.org/story/2022/04/04/avian-flu-continues-to-spread-to-more-minnesota-poultry-flocks,[],0,,False,,False,True,False,False,1080364,53840,0
1649134320.0,l0Martin3,[OC] I made a simple python script to detect all amogus on the canvas and count them by color,,833.0,758,https://i.redd.it/r9oghmjg5nr81.png,"[('All-Seeing Upvote', 1)]",1,OC,False,,False,True,False,False,25208,5406,1
1649133107.0,Professional_Bug3191,"[OC] Instead of learning his name, my girlfriend would only refer to Brady Manek by nicknames on Saturday night. So tonight, I kept track...",,0.0,0,https://i.redd.it/383jrv8wzmr81.png,[],0,OC,False,,False,True,False,False,1358,2669,0
1649374336.0,Geographist,New research documents more than 1700 marine-terminating glaciers in the northern hemisphere‚Äîthe vast majority of which are in substantial retreat since 2000. [OC],,5.0,4,https://i.redd.it/ttjrj3c0z6s81.png,[],0,OC,False,,False,True,False,False,211866,33583,1
1649373845.0,itakeskypics,[OC] some r/Place data (see captions),,35.0,27,https://www.reddit.com/gallery/typpz0,[],0,OC,False,,False,True,False,True,10167,5686,1
1649331209.0,Blobberoo,"[OC] RUB's value rebounding, amidst high volatility",,8.0,5,https://i.redd.it/zrg4qabxe3s81.png,[],0,OC,False,,False,True,False,False,27,3,0
1649366489.0,Desertedfoxx,"[OC] This is the budget of a couple living in one of the cheapest areas if the US with a household income of $63,000. McAllen, TX.",,0.0,0,https://i.imgur.com/85As1p9.png,"[('Silver', 1)]",1,OC,False,,False,True,False,False,20564,2245,0
1649362951.0,rubenbmathisen,"[OC] U.S. states matched with the country in Europe that has the most similar life expectancy (swipe to see matching with countries in Asia, Americas, and World)",,28.0,21,https://www.reddit.com/gallery/tylw0h,[],0,OC,False,,False,True,False,True,18177,4295,1
1649362874.0,europeanguy99,How to stop climate change - Costs and Effectiveness of each option,,6.0,4,https://www.ipcc.ch/report/ar6/wg3/figures/summary-for-policymakers/figure-spm-7/,[],0,,False,,False,True,False,False,119,8572,1
1649362301.0,officer-zhang,I found r/place cheaters that skirted the 5 min cooldown [OC],,767.0,690,https://i.redd.it/lx3562eez5s81.jpg,"[('Silver', 1)]",1,OC,False,,False,True,False,False,726,397,1
1649362248.0,theimpossiblesalad,Living Arrangements Trends Of 25-34 Years Old In The United States [OC],,1585.0,1553,https://i.redd.it/h26k77tyy5s81.jpg,"[('Helpful', 1), ('Silver', 3)]",4,OC,False,,False,True,False,False,250615,18749,1
1649362089.0,RobinWheeliams,"[OC] There is a world shortage of wheat. Russia is one of the biggest exporters, and these are their importers.",,19.0,15,https://i.redd.it/dg93eqsav5s81.png,[],0,OC,False,,False,False,False,False,6271,84,1
1649361172.0,Ganesha811,[OC] Deaths in the Syrian Civil War have dropped dramatically since they peaked in 2014,,25.0,21,https://i.redd.it/w3b7doszv5s81.png,[],0,OC,False,,False,True,False,True,234957,105014,1
1649360743.0,Sarius1997,[OC] Which Media Organisations are trusted by Democrats and Republicans,,15.0,10,https://i.redd.it/iobdxfqmu5s81.png,[],0,OC,False,,False,True,False,False,19703,77272,1
1649353739.0,terrykrohe,"[OC] Dem, Rep vote ratios vs suicide and vs opioids ‚Äì 2020 election",,0.0,0,https://i.redd.it/4iwc3vfx95s81.png,[],0,OC,False,,False,True,False,False,539,93,0
1649352640.0,XinYoung,Wind takes 2nd place in US electricity generation,,34.0,32,https://twitter.com/bstorrow/status/1511094189378969605?s=20&t=Iufwq0cEUTSK2uURCgc9IA,[],0,,False,,False,True,False,False,79631,472,1
1649347184.0,PieChartPirate,[OC] Wealth Distribution by Generation in the United States,,2634.0,2529,https://v.redd.it/2dum19mcq4s81,"[('Silver', 1), ('Party Train', 1)]",2,OC,False,,False,True,False,False,315660,16290,1
1649346639.0,Healthy_Detail5195,[OC] U.S. nuclear weapons spending vs. Stockpile for the last decade,,13.0,10,https://i.redd.it/aed0wxyoo4s81.png,"[('Helpful', 1)]",1,OC,False,,False,True,False,False,1683,205,0
1649346638.0,codenberg,[OC] I charted every hallway scene in Severance (so far),,19.0,17,https://i.redd.it/e815v0soo4s81.png,[],0,OC,False,,False,True,False,False,17731,4764,1
1649343118.0,wawrzyn9,[OC] Full animated time-lapse on 3D heatmap.,,491.0,437,https://v.redd.it/yecbmqdda4s81,"[('Gold', 1)]",1,OC,False,,False,True,False,True,2583,159,1
1649338857.0,MournerV,[OC] Visualizing Air Raid Sirens in Ukraine,,3.0,2,https://observablehq.com/@mourner/sirens,[],0,OC,False,,False,True,False,False,8532,11837,0
1649337957.0,kaixinsoh,[OC] Earthquakes from 2000-2022 with Magnitude 5.0 and above,,782.0,759,https://v.redd.it/w0tb70y8y3s81,"[('Take My Energy', 1)]",1,OC,False,,False,True,False,False,3791,541,1
1649336996.0,RevolutionarySun9574,The Global Fertility Rate Has Halved Over The Last 50 Years [OC],,1207.0,1171,https://i.redd.it/982srpz2w3s81.png,"[('Silver', 3), ('Helpful', 5), ('Wholesome', 2), ('All-Seeing Upvote', 1)]",11,OC,False,,False,True,False,False,1111,351,1
1649334798.0,fpgmaas,Poetry & data: Analyzing the meter in poems by /u/poem_for_your_sprog [OC],,0.0,0,https://www.fpgmaas.com/blog/poetry-and-data-2,[],0,OC,False,,False,True,False,False,250,39,0
1649334294.0,YouGov_Official,[OC] Which media organizations are trusted more by Democrats and by Republicans,,36517.0,32135,https://i.redd.it/lb0ljf2zn3s81.jpg,"[('Silver', 4), ('Helpful', 2), ('Wholesome', 3)]",9,OC,False,,False,True,False,False,9527,324,1
1649333430.0,spuk2002,"Attacking the Wheels vs Doors debate with machine learning. Through my job, I have access to a database with 100mil+ products, I‚Äôve trained a machine learning model to predict how many wheels and doors are in all these products.",,106.0,101,https://www.soleadify.com/a-big-data-companys-approach-to-wheels-vs-doors/,[],0,,False,,False,True,False,False,1704,219,1
1649333333.0,Hannes005,[OC] What countries produced the most coffee per capita (in kg) from 1961 to 2019? Visualisation made in R using data from ourworldindata.org,,0.0,0,https://i.redd.it/7pmwx1wwk3s81.gif,[],0,OC,False,,False,False,False,False,134,138,0
1649330573.0,datainspace,"When the internet goes dark, evil prevails [OC]",,27.0,19,https://i.redd.it/kqg01bouc3s81.jpg,[],0,OC,False,,False,True,False,False,17961,1370,0
1649330420.0,thedataracer,[OC] Miss America Titleholders,,5.0,3,https://i.redd.it/fbhknmrlc3s81.png,[],0,OC,False,,False,True,False,False,3924,485,0
1649324303.0,e0559338,Detecting Earthquakes over the Century [OC],,230.0,223,https://v.redd.it/4gbm7l2du2s81,[],0,OC,False,,False,False,False,False,1360,36,1
1649318899.0,Rwbaker16,Average Color of Each Pixel in r/place [OC],,1484.0,1321,https://i.redd.it/vmlfzmx4e2s81.png,[],0,OC,False,,False,True,False,False,4406,1277,1
1649309515.0,Rwbaker16,Pixel Heatmap of r/place [OC],,376.0,327,https://i.redd.it/lvmejmfem1s81.png,[],0,OC,False,,False,True,False,False,4406,1277,1
1649304304.0,Bug_Jelly,[OC] Final r/place Map with Height Representing Relative Pixel Popularity,,5724.0,5323,https://i.redd.it/xw3wcq5v61s81.png,"[('Helpful', 1)]",1,OC,False,,False,True,False,False,3283,60,1
1649302494.0,ClutchAnalytics,[OC] Visual Similarity Of The Top 1000 Highest-Grossing Movies Of All-Time,,66.0,43,https://v.redd.it/tzb2xzuyz0s81,[],0,OC,False,,False,True,False,False,3062,711,0
1649290632.0,smokedweiners,European Parliament and Government Seats Held by Women [OC],,56.0,45,https://i.redd.it/1dzyy7va20s81.jpg,[],0,OC,False,,False,True,False,False,359,129,0
1649283174.0,npjprods,Full 3D Heatmap-Timelapse of r/Place 2022,,0.0,0,https://www.reddit.com/r/place/comments/tx6f6r/full_timelapse_on_3d_heatmap_of_rplace_2022_2d/,[],0,,False,,False,True,False,False,188639,66253,0
1649283074.0,DrNikkiMik,Over the Edge: Mapping and Detailing Death at the Grand Canyon,,16.0,13,https://carto.maps.arcgis.com/apps/webappviewer/index.html?id=9359a0790ffe4bc09edd6b9c17a43b90,[],0,,False,,False,True,False,False,568,1013,0
1649282426.0,goudadaysir,Where Did the Most People Work From Home During the Pandemic?,,3.0,2,https://www.financialforce.com/library/where-did-most-people-work-from-home-during-pandemic/,[],0,,False,,False,True,False,False,22924,2213,0
1649274291.0,sdcoffey,Spot the Elon Effect‚Ñ¢ [OC],,40.0,25,https://i.redd.it/d4jcyslppyr81.png,[],0,OC,False,,False,True,False,False,64,32,0
1649264300.0,jeffsmith202,Where Counties are Growing,,10.0,8,https://www.census.gov/library/visualizations/2022/comm/where-counties-are-growing.html,[],0,,False,,False,True,False,False,18060,7182,0
1649263350.0,z_angelina,"Mapping in 3D where the earth will become uninhabitable: Lethal heat, flooded coastlines, powerful tropical storms: Find out where populations are projected to be hit hardest with our interactive 3D visualisation.",,35.0,28,https://interaktiv.morgenpost.de/klimawandel-hitze-meeresspiegel-wassermangel-stuerme-unbewohnbar/en.html,[],0,,False,,False,True,False,False,36,5,0
1649262585.0,landmarkatlas,[OC] House sales by address number in England and Wales: how some buyers skip the number 13,,322.0,309,https://i.redd.it/3pjm2sfrqxr81.png,[],0,OC,False,,False,True,False,False,194,6,0
1649256633.0,neepster44,"[OC] Pro Team Championships since 1980 in top 15 US Metro Areas (NBA, NFL, MLB)",,0.0,0,https://i.redd.it/by0aueg39xr81.png,[],0,OC,False,,False,True,False,False,515,39567,0
1649256328.0,WoodpeckerBeautiful8,[OC] Full r/place timelapse with changes highlighted,,1081.0,973,https://v.redd.it/c75uuobm7xr81,"[('Wholesome', 3), ('I am disappoint', 1)]",4,OC,False,,False,True,False,False,691,48,0
1649255444.0,jcceagle,[OC] Germany relies on gas imports,,814.0,635,https://v.redd.it/1hui7ogj5xr81,"[('Gold', 1)]",1,OC,False,,False,True,False,True,282633,32700,0
1649253007.0,latinometrics,"[OC] The MLB starts tomorrow, and Latin America produces 40% of its players.",,44.0,36,https://i.redd.it/mv69lzr9ywr81.png,[],0,OC,False,,False,True,False,False,65234,5176,0
1649252477.0,kaixinsoh,[OC] USA Adults with Diabetes & Obesity,,2805.0,2665,https://i.redd.it/l5w1wxn5wwr81.png,"[('Wholesome', 1)]",1,OC,False,,False,True,False,False,3791,541,1
1649251899.0,robikscuber,[OC] Oh Bananada,,41575.0,36170,https://i.redd.it/jb6kgpd2vwr81.png,"[('All-Seeing Upvote', 1), ('Silver', 4), ('Helpful', 1), ('Wholesome', 6)]",12,OC,False,,False,True,False,False,15341,495,1
1649251286.0,HennoHazza,Colour Percentage Change of r/place 2022 [OC],,5892.0,5597,https://v.redd.it/izr4ssd0twr81,"[('Helpful', 2), ('Shocked', 1)]",3,OC,False,,False,True,False,False,9559,2482,1
1649550963.0,Pitorquitas,UN vote to suspend Russia from Human Rights Council [OC],,197.0,189,https://www.reddit.com/gallery/u068sn,[],0,OC,False,,False,True,False,False,341,126,1
1649525719.0,JeanGarsbien,"French presidential election 2017, first round results. The first round of the next election is tomorrow. [OC]",,10.0,7,https://i.redd.it/gwp2r16vgjs81.png,[],0,OC,False,,False,True,False,False,15980,4393,1
1649548091.0,tyotoys,[OC] Saturday leaderboard from Masters.com modified with a userstyle to show club manufacturer (driver),,60.0,50,https://v.redd.it/5yrrvwmubls81,[],0,OC,False,,False,True,False,False,11206,552,1
1649536916.0,data-analysis-heaven,[OC] Each of the Top-10 redditors that placed the most pixels in /r/place contributed exclusively to one specific community. 8 of them contributed exclusively to My Little Pony! Of the two remaining one contributed only to the University of Michigan and the other supported the Femboy community,,70.0,57,https://www.reddit.com/gallery/u01tvi,[],0,OC,False,,False,True,False,False,38,20,1
1649534373.0,Kurisu-tina,[OC] One Piece - Undertale Sans eyes statistics. Unique users vs Total edits,,19.0,13,https://i.redd.it/lbly2u917ks81.png,[],0,OC,False,,False,True,False,False,32,11,1
1649516232.0,TheFost,Votes for/against Russia's suspension from the UN Human Rights Council ranked by corruption [OC],,83.0,64,https://i.redd.it/8z26tsnbois81.png,[],0,OC,False,,False,True,False,False,61419,6773,1
1649512928.0,Charligula,"National teams at the 2022 FIFA World Cup in Qatar, by average age of players",,0.0,0,https://www.statista.com/statistics/1298094/average-player-age-national-teams-qatar-world-cup/#professional,[],0,,False,,False,True,False,False,33,2557,0
1649507530.0,AdamAJY99,[OC] Infants and toddlers who sleep more in their parents‚Äô rooms get less sleep,,45.0,29,https://i.redd.it/3f50j237zhs81.png,"[('Silver', 2)]",2,OC,False,,False,True,False,False,229,372,1
1649504563.0,Spiritisabone,[OC] The proper place of llamas in a complete system of philosophy,,18169.0,16352,https://i.redd.it/kfp19vwdqhs81.gif,"[('LOVE!', 1), ('This', 1), ('Silver', 8), ('Helpful', 2), ('Wholesome', 2), ('All-Seeing Upvote', 1)]",15,OC,False,,False,True,False,True,10811,4560,1
1649500732.0,Caneman786,"[OC] Comparing Poverty and Affluence in the United States by county, American Community Survey",,126.0,115,https://www.reddit.com/gallery/tzqled,[],0,OC,False,,False,True,False,False,6681,2631,1
1649492810.0,Enough_Writing4415,r/place data visualization gone wrong [OC],,0.0,0,https://i.redd.it/7accl0tdrgs81.png,[],0,OC,False,,False,True,False,False,1,242,0
1649492663.0,Comfortable_Alarm_77,[OC] Columbia River Basin Watershed With Distribution of Hydroelectric Facilities and Their Respective Nameplate Capacity,,41.0,36,https://i.redd.it/qqa94vl1rgs81.jpg,[],0,OC,False,,False,True,False,False,6112,521,1
1649474745.0,CognitiveFeedback,"Life Expectancy in the U.S., 1900 - 2021 [OC]",,1708.0,1657,https://i.redd.it/t4wdxbho9fs81.png,[],0,OC,False,,False,True,False,False,12356,1169,1
1649473052.0,salsa_bear,[OC] A quick glimpse into my job hunting journey ‚Äì More details in the comments,,26.0,18,https://www.reddit.com/gallery/tzjz2h,[],0,OC,False,,False,True,False,False,651,254,0
1649466505.0,Lornedon,[OC] The age of each pixel on the final canvas of /r/place. Darker pixels are older.,,274.0,238,https://i.redd.it/qqlvfvx1les81.png,"[('Silver', 1)]",1,OC,False,,False,True,False,False,7838,10991,1
1649464430.0,sinhaji,YouTube users by country 2022,,0.0,0,https://www.statista.com/statistics/280685/number-of-monthly-unique-youtube-users/,[],0,,False,,False,True,False,False,37495,200,0
1649463323.0,databooter,How rising gas prices may affect US travel destination markets.,,8.0,7,https://public.tableau.com/views/Short-TermRentalGuestOriginsandDistanceTraveled/Dashboard1?:language=en-US&:display_count=n&:origin=viz_share_lin,[],0,,False,,False,True,False,False,4,11,0
1649463113.0,DoYouWantCokeOrPepsi,[OC] Monthly budget of Norwegian 19 year old freelance designer,,0.0,0,https://i.redd.it/ctcistehaes81.png,[],0,OC,False,,False,True,False,False,19052,11361,0
1649456945.0,Fazaman,"Place map of the unused pixels (no user placed a pixel at these spots) Now, hopefully in a format that shows as an image, and not a video. [OC]",,29.0,21,https://i.imgur.com/eOemjUw.png,[],0,OC,False,,False,True,False,False,13556,98242,0
1649453520.0,desfirsit,"[OC] A 101*101 square grid, each cell has 8 neighbors. Grid cells with even number of neighbors are turned ""off"". Those with an odd number of neighbors are turned ""on"". In the beginning, only the middle square is on. Repeats after 512 rounds.",,1828.0,1737,https://i.redd.it/zd2pvr6jids81.gif,"[('Silver', 2), ('Gold', 2)]",4,OC,False,,False,True,False,True,118564,18762,1
1649450488.0,Fazaman,"Place, but only the pixels that never had anything placed on them. [OC]",,25.0,17,https://i.redd.it/5c7nxd8l9ds81.gif,[],0,OC,False,,False,True,False,False,13556,98242,0
1649444023.0,GradientMetrics,[OC] Do you prefer daylight saving time (+ sun in the evening) or standard time (+ sun in the morning)?,,39.0,31,https://i.redd.it/10tijzz5qcs81.png,[],0,OC,False,,False,True,False,False,25281,1013,0
1649442899.0,seamacke,"Six Weeks of Hotspot Detection by NASA Satellites Over Ukraine Conflict, in 30 Seconds [OC]",,489.0,469,https://v.redd.it/748uk7s2mcs81,[],0,OC,False,,False,True,False,False,391,106,1
1649441268.0,RobotSquid_,Density of Amogus in /r/place [OC],,19845.0,17662,https://i.redd.it/qsnnu466ics81.png,"[('Wholesome', 4), ('Silver', 6), ('Platinum', 1), ('Helpful', 2)]",13,OC,False,,False,True,False,True,31307,18913,1
1649438823.0,flutess,[OC] Ukranian refugees by destination country,,292.0,272,https://i.redd.it/ndv5dddwacs81.png,[],0,OC,False,,False,True,False,False,373,112,1
1649438803.0,GraphRehab,"[OC] Fixing the ""US states that are the Best at Solving Wordle"" graph, and then realizing a trend that makes it all meaningless. (Album)",,19.0,14,https://imgur.com/gallery/WmXLSro,[],0,OC,False,,False,False,False,False,53,21,0
1649437659.0,Entire-Comb-7657,[OC] Americans in East Coast struggle with Sleep & Obesity,,0.0,0,https://i.redd.it/8tf1mq067cs81.png,[],0,OC,False,,False,True,False,False,123,3,0
1649435714.0,latinometrics,[OC] China has become the largest trade partner for 8 of the 14 nations in South America.,,44.0,29,https://i.redd.it/90p31kzm1cs81.png,[],0,OC,False,,False,True,False,False,65263,5182,0
1649426001.0,SojuCondo,[OC] Calgary Public Service Water Line Installation Dates,,4.0,3,https://i.redd.it/sb3u5xro8bs81.png,[],0,OC,False,,False,True,False,False,14037,17525,0
1649421649.0,iamtheguy55,Tennis Rivalry of Roger Federer and Novak Djokovic [OC],,235.0,197,https://i.redd.it/vhpaa47lvas81.png,"[('Wearing is Caring', 1)]",1,OC,False,,False,True,False,False,18050,4117,0
1649420238.0,pg11235,[OC] States Known For Being MOST and LEAST Religious Have WORSE Mental and Physical Health,,0.0,0,https://i.redd.it/ayc0qxdjras81.png,[],0,OC,False,,False,True,False,False,108,5,0
1649419342.0,inspiritvr,"[OC] Posts + Comments In /r/teaching and /r/teachers Having The Words ""Disinterested Students"" and ""Institutional Problems"" By Month From 2015-2022.",,389.0,346,https://v.redd.it/hn3b740cm9s81,[],0,OC,False,,False,True,False,False,2644,330,0
1649416379.0,Nyaaori,Interactive timelapse of r/place 2022 [OC],,10.0,6,https://place2022.nyaaori.cat/,[],0,OC,False,,False,True,False,True,369,541,0
1649411540.0,Donk_Doge420,Chart showing the percentage increase in mean male vs. female height over a century,,18.0,14,https://ourworldindata.org/human-height,[],0,,False,,False,True,False,False,2273,1109,0
1649409717.0,e0559338,Visualizing Electricity Transmission in the US [OC],,7035.0,6824,https://i.redd.it/1ir8iby9w9s81.png,"[('Silver', 1), ('Helpful', 1), ('Wholesome', 1)]",3,OC,False,,False,True,False,False,5054,107,1
1649389614.0,port_port,[OC] Breakdown of UN vote to suspend Russia from Human Rights Council,,98.0,80,https://i.redd.it/ikhb4f9h88s81.png,[],0,OC,False,,False,True,False,False,24035,7271,0
1649383781.0,margustoo,[OC] Which countries supprted or were against to suspending Russian membership in UN council of Human Rights.,,698.0,642,https://i.redd.it/gtquihj2r7s81.png,[],0,OC,False,,False,True,False,False,8563,5111,0
