titles,text,total_votes,upvotes,urls,awards,total_awards,flairs,isoriginal,isdistinguished,isselfpost,time_created,author_name,is_author_verified,is_author_reddit_employee,author_has_reddit_premium,author_link_karma,author_comment_karma
[OC] The United States Average Temperature,,0.0,0,https://i.redd.it/hjjevspietr81.png,[],0,OC,False,,False,1649209995.0,texasaggies210,True,False,False,48,99
[OC] Top 10 Mental Health Issues Among US College Students,,12.0,11,https://i.redd.it/2hwtfd669tr81.png,[],0,OC,False,,False,1649208411.0,FluffyBoard7091,True,False,False,1930,27
[OC] The Most Valuable AI Unicorns In The World,,0.0,0,https://i.redd.it/3ckd4k51ctr81.png,[],0,OC,False,,False,1649209353.0,ClutchAnalytics,True,False,False,2946,720
[OC] Animated heat map of r/place (Full),,5931.0,5516,https://v.redd.it/4b6jo12g8rr81,"[('All-Seeing Upvote', 1), ('Take My Energy', 1), ('Lawyer Up', 1), ('Silver', 3), ('Gold', 1), ('Helpful', 2), ('Wholesome', 2)]",11,OC,False,,False,1649183958.0,DeathByElectives,True,False,True,10133,895
[OC] History of the fastest drives between NYC and LA,,13433.0,12493,https://i.redd.it/mrp2d7196pr81.png,"[('Platinum', 1), ('Helpful', 2), ('All-Seeing Upvote', 1)]",4,OC,False,,False,1649158849.0,tk-data,False,False,True,7573,449
[OC] Heatmap of r/place [start to end],,2368.0,2202,https://i.redd.it/bgbxkdo7mpr81.png,"[('Silver', 1), ('Helpful', 1)]",2,OC,False,,False,1649164182.0,Eyusd,True,False,False,3684,682
A recent history of democracies in the world [OC],,628.0,578,https://v.redd.it/n8ml8722tpr81,"[('Helpful', 2), ('Wholesome', 2)]",4,OC,False,,False,1649166605.0,port_port,True,False,False,23819,7214
[OC] Latest situation Ukraine as Russians withdrawal from northern Ukraine is almost complete,,257.0,239,https://i.redd.it/ai33bcjt6qr81.png,[],0,OC,False,,False,1649171089.0,sdbernard,True,False,False,199999,18603
Independent researcher taps into the Reonomy database to create an interactive map that ties almost 16K properties to a single entity that likely owns the most valuable private real estate portfolio in the US,,104.0,101,https://www.truthandtransparency.org/news/2022/04/05/lds-church-has-most-valuable-private-real-estate-portfolio-in-the-us-evidence-suggests/,[],0,,False,,False,1649180656.0,Chino_Blanco,True,False,True,270125,157007
[OC] I wondered why girls put their Snapchat in their Tinder bio so I added every one I saw for two months and here are the results.,,52122.0,42740,https://i.redd.it/fk1n0m5lijr81.png,"[('Endless Coolness', 1), ('Mind blowing Original Content', 1), ('Silver', 6), ('Helpful', 15), ('Wholesome', 5), ('All-Seeing Upvote', 1), ('hehehehe', 1)]",30,OC,False,,False,1649090318.0,spidertotem,True,False,True,16762,52732
[OC] Local pizza rankings,,1684.0,1549,https://i.redd.it/2co1ylub7mr81.png,[],0,OC,False,,False,1649122867.0,bengarvey,True,False,False,2128,1189
[OC] I made a simple python script to detect all amogus on the canvas and count them by color,,822.0,748,https://i.redd.it/r9oghmjg5nr81.png,"[('All-Seeing Upvote', 1)]",1,OC,False,,False,1649134320.0,l0Martin3,True,False,False,25208,5406
COVID-19 and Search Interest On Google [OC],,4915.0,4669,https://i.redd.it/ovs47df73kr81.jpg,"[('Silver', 1), ('Helpful', 1)]",2,OC,False,,False,1649097271.0,theimpossiblesalad,True,False,False,249750,18703
[OC] 2000*2000 png heatmap I made because I'm sick and tired of seeing badly sized jpegs,,31.0,23,https://www.reddit.com/gallery/tx7gse,[],0,OC,False,,False,1649199121.0,ImkSushi,True,False,False,48,34
Interactive globe: Where earth will become “uninhabitable” in 2100 - Funke Interaktiv [OC],,9052.0,8328,https://v.redd.it/ev4b72dawir81,"[('Silver', 11), ('Helpful', 5), ('Wholesome', 6), ('Helpful (Pro)', 1)]",23,OC,False,,False,1649082964.0,Detektiv_Mittens,True,False,False,4409,536
[OC] GDP (Nominal) of world countries from 1960 to 2020,,107.0,89,https://v.redd.it/j35kvgr3qpr81,[],0,OC,False,,False,1649165478.0,GFsss009,True,False,False,304,6
"[OC] Spring timing in the contiguous U.S. as of April 4, 2022",,43.0,41,https://i.redd.it/v4uv25dqiqr81.png,[],0,OC,False,,False,1649175104.0,houndrunner,True,False,False,25995,2535
[OC] Only a handful of airports recovered from the pandemic in Latin America. 4 out of 5 are in Mexico,,78.0,67,https://i.redd.it/qb7vsl75jpr81.png,[],0,OC,False,,False,1649163145.0,latinometrics,True,False,False,65200,5174
The Percentages of Different Forms of Among Us Crewmates That Were Hidden in r/Place. [OC],,17.0,12,https://i.redd.it/pf7zmvbu4sr81.png,"[('Helpful', 1)]",1,OC,False,,False,1649194686.0,Potted_PlantYT,True,False,False,29575,11649
"[OC] Population Pyramid of England, 1961. Note the lasting imbalance caused by the mass casualties of young men in World War I",,28.0,25,https://i.redd.it/e68thmswxpr81.png,[],0,OC,False,,False,1649176608.0,landmarkatlas,True,False,False,14,4
Who are Russia’s supporters?,,10.0,6,https://www.economist.com/graphic-detail/2022/04/04/who-are-russias-supporters,[],0,,False,,False,1649193296.0,statisticalanalysis_,True,False,False,7819,46
The Largest Power Plants in the World (Of All Types),,16.0,14,https://solarpower.guide/solar-energy-insights/largest-power-plants-world,[],0,,False,,False,1649176940.0,Artemistical,True,False,False,161619,69342
[OC] Fatal Dog Attacks in US from 2015-2021 and % cases involving at least one Pitbull,,40.0,23,https://i.redd.it/nxg10sxirpr81.png,[],0,OC,False,,False,1649166012.0,AdamAJY99,True,False,False,187,358
2021 global investment in energy transition by country + visualizing the disparity in investments based on GDP,,16.0,12,https://www.reddit.com/gallery/twygmu,[],0,,False,,False,1649174914.0,Lilyo,True,False,False,466947,234659
[OC] All r/CollegeBasketball tournament game threads by proportion of comments complaining about the refs,,10.0,8,https://imgur.com/a/44WRsfQ,[],0,OC,False,,False,1649175564.0,CaptainScuttlebottom,False,False,False,3660,37161
